Dòng sản phẩm,Tên sản phẩm,Giai đoạn,Độ tuổi,Mô tả,Nguồn gốc,Tags
Future Organic A2 Protein,Future Organic A2 Protein - Giai đoạn 1,1,0-6 tháng,Sản phẩm dinh dưỡng Future Organic A2 Protein dành cho bé từ 0-6 tháng tuổi,Úc,Organic;A2 Protein;Hữu cơ
Future Organic A2 Protein,Future Organic A2 Protein - Giai đoạn 2,2,6-12 tháng,Sản phẩm dinh dưỡng tiếp nối Future Organic A2 Protein dành cho bé từ 6-12 tháng tuổi,Úc,Organic;A2 Protein;Hữu cơ
Future Organic A2 Protein,Future Organic A2 Protein - Giai đoạn 3,3,Trên 1 tuổi,Thực phẩm bổ sung Future Organic A2 Protein dành cho bé từ 12 tháng tuổi trở lên,Úc,Organic;A2 Protein;Hữu cơ
Future A2 Protein,Future A2 Protein - Giai đoạn 1,1,0-6 tháng,Thực phẩm dinh dưỡng Future A2 Protein dành cho bé từ 0-6 tháng tuổi,Úc,A2 Protein;Dịu nhẹ
Future A2 Protein,Future A2 Protein - Giai đoạn 2,2,6-12 tháng,Sản phẩm dinh dưỡng tiếp nối Future A2 Protein dành cho bé từ 6-12 tháng tuổi,Úc,A2 Protein;Dịu nhẹ
Future A2 Protein,Future A2 Protein - Giai đoạn 3,3,Trên 1 tuổi,Thực phẩm bổ sung Future A2 Protein dành cho bé từ 12 tháng tuổi trở lên,Úc,A2 Protein;Dịu nhẹ
Aptamil Profutura,Aptamil Profutura - Giai đoạn 1,1,0-6 tháng,Thực phẩm dinh dưỡng Aptamil Profutura với Synbiotics hỗ trợ tiêu hóa cho bé từ 0-6 tháng,Úc,Synbiotics;DHA/ARA;Hỗ trợ tiêu hóa
Aptamil Profutura,Aptamil Profutura - Giai đoạn 2,2,6-12 tháng,Thực phẩm dinh dưỡng Aptamil Profutura cho bé từ 6-12 tháng tuổi, Úc,Synbiotics;DHA/ARA;Hỗ trợ tiêu hóa
Aptamil Profutura,Aptamil Profutura - Giai đoạn 3,3,Trên 1 tuổi,Thực phẩm bổ sung Aptamil Profutura dành cho bé từ 12 tháng tuổi,Úc,Synbiotics;DHA/ARA;Hỗ trợ tiêu hóa
Horizon Organic,Thực phẩm dinh dưỡng tươi nguyên kem Horizon Organic dạng bột 870g,N/A,Trên 1 tuổi,Thực phẩm dinh dưỡng tươi nguyên kem hữu cơ dạng bột từ Mỹ, đạt chứng nhận USDA Organic,Hoa Kỳ,USDA Organic;Không GMO;Canxi & Vitamin D
Horizon Organic,Thực phẩm dinh dưỡng tươi hữu cơ Horizon Organic Whole Milk 236ml,N/A,Trên 1 tuổi,Thực phẩm dinh dưỡng tươi nguyên kem hữu cơ đóng hộp 236ml tiện lợi,Hoa Kỳ,USDA Organic;Không GMO;Canxi & Vitamin D3
Nutricia (Danone),Infatrini – Thực phẩm dinh dưỡng cao năng lượng cho bé 0–18 tháng,N/A,0-18 tháng,Thực phẩm dinh dưỡng y học được thiết kế cho bé 0–18 tháng,Đức,DHA/ARA;Không gluten;Dinh dưỡng y học